Name,Season Number,Link to Bio
Chanelle Howell,1,https://www.cbs.com/shows/survivor/cast/216607/
Daniel Strunk,1,https://www.cbs.com/shows/survivor/cast/216608/
Drea Wheeler,1,https://www.cbs.com/shows/survivor/cast/216609/
Hai Giang,1,https://www.cbs.com/shows/survivor/cast/216610/
Jackson Fox,1,https://www.cbs.com/shows/survivor/cast/216611/
Jenny Kim,1,https://www.cbs.com/shows/survivor/cast/216612/
Jonathan Young,1,https://www.cbs.com/shows/survivor/cast/216613/
Lindsay Dolashewich,1,https://www.cbs.com/shows/survivor/cast/216614/
Lydia Meredith,1,https://www.cbs.com/shows/survivor/cast/216615/
Marya Sherron,1,https://www.cbs.com/shows/survivor/cast/216616/
Maryanne Oketch,1,https://www.cbs.com/shows/survivor/cast/216617/
Mike Turner,1,https://www.cbs.com/shows/survivor/cast/216618/
Omar Zaheer,1,https://www.cbs.com/shows/survivor/cast/216619/
Rocksroy Bailey,1,https://www.cbs.com/shows/survivor/cast/216620/
Romeo Escobar,1,https://www.cbs.com/shows/survivor/cast/216621/
Swati Goel,1,https://www.cbs.com/shows/survivor/cast/216622/
Tori Meehan,1,https://www.cbs.com/shows/survivor/cast/216623/
Zach Wurtenberger,1,https://www.cbs.com/shows/survivor/cast/216624/
Chanelle Howell,2,https://www.cbs.com/shows/survivor/cast/216607/
Daniel Strunk,2,https://www.cbs.com/shows/survivor/cast/216608/
Drea Wheeler,2,https://www.cbs.com/shows/survivor/cast/216609/
Hai Giang,2,https://www.cbs.com/shows/survivor/cast/216610/
Jackson Fox,2,https://www.cbs.com/shows/survivor/cast/216611/
Jenny Kim,2,https://www.cbs.com/shows/survivor/cast/216612/
Jonathan Young,2,https://www.cbs.com/shows/survivor/cast/216613/
Lindsay Dolashewich,2,https://www.cbs.com/shows/survivor/cast/216614/
Lydia Meredith,2,https://www.cbs.com/shows/survivor/cast/216615/
Marya Sherron,2,https://www.cbs.com/shows/survivor/cast/216616/
Maryanne Oketch,2,https://www.cbs.com/shows/survivor/cast/216617/
Mike Turner,2,https://www.cbs.com/shows/survivor/cast/216618/
Omar Zaheer,2,https://www.cbs.com/shows/survivor/cast/216619/
Rocksroy Bailey,2,https://www.cbs.com/shows/survivor/cast/216620/
Romeo Escobar,2,https://www.cbs.com/shows/survivor/cast/216621/
Swati Goel,2,https://www.cbs.com/shows/survivor/cast/216622/
Tori Meehan,2,https://www.cbs.com/shows/survivor/cast/216623/
Zach Wurtenberger,2,https://www.cbs.com/shows/survivor/cast/216624/
Chanelle Howell,3,https://www.cbs.com/shows/survivor/cast/216607/
Daniel Strunk,3,https://www.cbs.com/shows/survivor/cast/216608/
Drea Wheeler,3,https://www.cbs.com/shows/survivor/cast/216609/
Hai Giang,3,https://www.cbs.com/shows/survivor/cast/216610/
Jackson Fox,3,https://www.cbs.com/shows/survivor/cast/216611/
Jenny Kim,3,https://www.cbs.com/shows/survivor/cast/216612/
Jonathan Young,3,https://www.cbs.com/shows/survivor/cast/216613/
Lindsay Dolashewich,3,https://www.cbs.com/shows/survivor/cast/216614/
Lydia Meredith,3,https://www.cbs.com/shows/survivor/cast/216615/
Marya Sherron,3,https://www.cbs.com/shows/survivor/cast/216616/
Maryanne Oketch,3,https://www.cbs.com/shows/survivor/cast/216617/
Mike Turner,3,https://www.cbs.com/shows/survivor/cast/216618/
Omar Zaheer,3,https://www.cbs.com/shows/survivor/cast/216619/
Rocksroy Bailey,3,https://www.cbs.com/shows/survivor/cast/216620/
Romeo Escobar,3,https://www.cbs.com/shows/survivor/cast/216621/
Swati Goel,3,https://www.cbs.com/shows/survivor/cast/216622/
Tori Meehan,3,https://www.cbs.com/shows/survivor/cast/216623/
Zach Wurtenberger,3,https://www.cbs.com/shows/survivor/cast/216624/
Chanelle Howell,4,https://www.cbs.com/shows/survivor/cast/216607/
Daniel Strunk,4,https://www.cbs.com/shows/survivor/cast/216608/
Drea Wheeler,4,https://www.cbs.com/shows/survivor/cast/216609/
Hai Giang,4,https://www.cbs.com/shows/survivor/cast/216610/
Jackson Fox,4,https://www.cbs.com/shows/survivor/cast/216611/
Jenny Kim,4,https://www.cbs.com/shows/survivor/cast/216612/
Jonathan Young,4,https://www.cbs.com/shows/survivor/cast/216613/
Lindsay Dolashewich,4,https://www.cbs.com/shows/survivor/cast/216614/
Lydia Meredith,4,https://www.cbs.com/shows/survivor/cast/216615/
Marya Sherron,4,https://www.cbs.com/shows/survivor/cast/216616/
Maryanne Oketch,4,https://www.cbs.com/shows/survivor/cast/216617/
Mike Turner,4,https://www.cbs.com/shows/survivor/cast/216618/
Omar Zaheer,4,https://www.cbs.com/shows/survivor/cast/216619/
Rocksroy Bailey,4,https://www.cbs.com/shows/survivor/cast/216620/
Romeo Escobar,4,https://www.cbs.com/shows/survivor/cast/216621/
Swati Goel,4,https://www.cbs.com/shows/survivor/cast/216622/
Tori Meehan,4,https://www.cbs.com/shows/survivor/cast/216623/
Zach Wurtenberger,4,https://www.cbs.com/shows/survivor/cast/216624/
Chanelle Howell,5,https://www.cbs.com/shows/survivor/cast/216607/
Daniel Strunk,5,https://www.cbs.com/shows/survivor/cast/216608/
Drea Wheeler,5,https://www.cbs.com/shows/survivor/cast/216609/
Hai Giang,5,https://www.cbs.com/shows/survivor/cast/216610/
Jackson Fox,5,https://www.cbs.com/shows/survivor/cast/216611/
Jenny Kim,5,https://www.cbs.com/shows/survivor/cast/216612/
Jonathan Young,5,https://www.cbs.com/shows/survivor/cast/216613/
Lindsay Dolashewich,5,https://www.cbs.com/shows/survivor/cast/216614/
Lydia Meredith,5,https://www.cbs.com/shows/survivor/cast/216615/
Marya Sherron,5,https://www.cbs.com/shows/survivor/cast/216616/
Maryanne Oketch,5,https://www.cbs.com/shows/survivor/cast/216617/
Mike Turner,5,https://www.cbs.com/shows/survivor/cast/216618/
Omar Zaheer,5,https://www.cbs.com/shows/survivor/cast/216619/
Rocksroy Bailey,5,https://www.cbs.com/shows/survivor/cast/216620/
Romeo Escobar,5,https://www.cbs.com/shows/survivor/cast/216621/
Swati Goel,5,https://www.cbs.com/shows/survivor/cast/216622/
Tori Meehan,5,https://www.cbs.com/shows/survivor/cast/216623/
Zach Wurtenberger,5,https://www.cbs.com/shows/survivor/cast/216624/
Chanelle Howell,6,https://www.cbs.com/shows/survivor/cast/216607/
Daniel Strunk,6,https://www.cbs.com/shows/survivor/cast/216608/
Drea Wheeler,6,https://www.cbs.com/shows/survivor/cast/216609/
Hai Giang,6,https://www.cbs.com/shows/survivor/cast/216610/
Jackson Fox,6,https://www.cbs.com/shows/survivor/cast/216611/
Jenny Kim,6,https://www.cbs.com/shows/survivor/cast/216612/
Jonathan Young,6,https://www.cbs.com/shows/survivor/cast/216613/
Lindsay Dolashewich,6,https://www.cbs.com/shows/survivor/cast/216614/
Lydia Meredith,6,https://www.cbs.com/shows/survivor/cast/216615/
Marya Sherron,6,https://www.cbs.com/shows/survivor/cast/216616/
Maryanne Oketch,6,https://www.cbs.com/shows/survivor/cast/216617/
Mike Turner,6,https://www.cbs.com/shows/survivor/cast/216618/
Omar Zaheer,6,https://www.cbs.com/shows/survivor/cast/216619/
Rocksroy Bailey,6,https://www.cbs.com/shows/survivor/cast/216620/
Romeo Escobar,6,https://www.cbs.com/shows/survivor/cast/216621/
Swati Goel,6,https://www.cbs.com/shows/survivor/cast/216622/
Tori Meehan,6,https://www.cbs.com/shows/survivor/cast/216623/
Zach Wurtenberger,6,https://www.cbs.com/shows/survivor/cast/216624/
Chanelle Howell,7,https://www.cbs.com/shows/survivor/cast/216607/
Daniel Strunk,7,https://www.cbs.com/shows/survivor/cast/216608/
Drea Wheeler,7,https://www.cbs.com/shows/survivor/cast/216609/
Hai Giang,7,https://www.cbs.com/shows/survivor/cast/216610/
Jackson Fox,7,https://www.cbs.com/shows/survivor/cast/216611/
Jenny Kim,7,https://www.cbs.com/shows/survivor/cast/216612/
Jonathan Young,7,https://www.cbs.com/shows/survivor/cast/216613/
Lindsay Dolashewich,7,https://www.cbs.com/shows/survivor/cast/216614/
Lydia Meredith,7,https://www.cbs.com/shows/survivor/cast/216615/
Marya Sherron,7,https://www.cbs.com/shows/survivor/cast/216616/
Maryanne Oketch,7,https://www.cbs.com/shows/survivor/cast/216617/
Mike Turner,7,https://www.cbs.com/shows/survivor/cast/216618/
Omar Zaheer,7,https://www.cbs.com/shows/survivor/cast/216619/
Rocksroy Bailey,7,https://www.cbs.com/shows/survivor/cast/216620/
Romeo Escobar,7,https://www.cbs.com/shows/survivor/cast/216621/
Swati Goel,7,https://www.cbs.com/shows/survivor/cast/216622/
Tori Meehan,7,https://www.cbs.com/shows/survivor/cast/216623/
Zach Wurtenberger,7,https://www.cbs.com/shows/survivor/cast/216624/
Chanelle Howell,8,https://www.cbs.com/shows/survivor/cast/216607/
Daniel Strunk,8,https://www.cbs.com/shows/survivor/cast/216608/
Drea Wheeler,8,https://www.cbs.com/shows/survivor/cast/216609/
Hai Giang,8,https://www.cbs.com/shows/survivor/cast/216610/
Jackson Fox,8,https://www.cbs.com/shows/survivor/cast/216611/
Jenny Kim,8,https://www.cbs.com/shows/survivor/cast/216612/
Jonathan Young,8,https://www.cbs.com/shows/survivor/cast/216613/
Lindsay Dolashewich,8,https://www.cbs.com/shows/survivor/cast/216614/
Lydia Meredith,8,https://www.cbs.com/shows/survivor/cast/216615/
Marya Sherron,8,https://www.cbs.com/shows/survivor/cast/216616/
Maryanne Oketch,8,https://www.cbs.com/shows/survivor/cast/216617/
Mike Turner,8,https://www.cbs.com/shows/survivor/cast/216618/
Omar Zaheer,8,https://www.cbs.com/shows/survivor/cast/216619/
Rocksroy Bailey,8,https://www.cbs.com/shows/survivor/cast/216620/
Romeo Escobar,8,https://www.cbs.com/shows/survivor/cast/216621/
Swati Goel,8,https://www.cbs.com/shows/survivor/cast/216622/
Tori Meehan,8,https://www.cbs.com/shows/survivor/cast/216623/
Zach Wurtenberger,8,https://www.cbs.com/shows/survivor/cast/216624/
Chanelle Howell,9,https://www.cbs.com/shows/survivor/cast/216607/
Daniel Strunk,9,https://www.cbs.com/shows/survivor/cast/216608/
Drea Wheeler,9,https://www.cbs.com/shows/survivor/cast/216609/
Hai Giang,9,https://www.cbs.com/shows/survivor/cast/216610/
Jackson Fox,9,https://www.cbs.com/shows/survivor/cast/216611/
Jenny Kim,9,https://www.cbs.com/shows/survivor/cast/216612/
Jonathan Young,9,https://www.cbs.com/shows/survivor/cast/216613/
Lindsay Dolashewich,9,https://www.cbs.com/shows/survivor/cast/216614/
Lydia Meredith,9,https://www.cbs.com/shows/survivor/cast/216615/
Marya Sherron,9,https://www.cbs.com/shows/survivor/cast/216616/
Maryanne Oketch,9,https://www.cbs.com/shows/survivor/cast/216617/
Mike Turner,9,https://www.cbs.com/shows/survivor/cast/216618/
Omar Zaheer,9,https://www.cbs.com/shows/survivor/cast/216619/
Rocksroy Bailey,9,https://www.cbs.com/shows/survivor/cast/216620/
Romeo Escobar,9,https://www.cbs.com/shows/survivor/cast/216621/
Swati Goel,9,https://www.cbs.com/shows/survivor/cast/216622/
Tori Meehan,9,https://www.cbs.com/shows/survivor/cast/216623/
Zach Wurtenberger,9,https://www.cbs.com/shows/survivor/cast/216624/
Chanelle Howell,10,https://www.cbs.com/shows/survivor/cast/216607/
Daniel Strunk,10,https://www.cbs.com/shows/survivor/cast/216608/
Drea Wheeler,10,https://www.cbs.com/shows/survivor/cast/216609/
Hai Giang,10,https://www.cbs.com/shows/survivor/cast/216610/
Jackson Fox,10,https://www.cbs.com/shows/survivor/cast/216611/
Jenny Kim,10,https://www.cbs.com/shows/survivor/cast/216612/
Jonathan Young,10,https://www.cbs.com/shows/survivor/cast/216613/
Lindsay Dolashewich,10,https://www.cbs.com/shows/survivor/cast/216614/
Lydia Meredith,10,https://www.cbs.com/shows/survivor/cast/216615/
Marya Sherron,10,https://www.cbs.com/shows/survivor/cast/216616/
Maryanne Oketch,10,https://www.cbs.com/shows/survivor/cast/216617/
Mike Turner,10,https://www.cbs.com/shows/survivor/cast/216618/
Omar Zaheer,10,https://www.cbs.com/shows/survivor/cast/216619/
Rocksroy Bailey,10,https://www.cbs.com/shows/survivor/cast/216620/
Romeo Escobar,10,https://www.cbs.com/shows/survivor/cast/216621/
Swati Goel,10,https://www.cbs.com/shows/survivor/cast/216622/
Tori Meehan,10,https://www.cbs.com/shows/survivor/cast/216623/
Zach Wurtenberger,10,https://www.cbs.com/shows/survivor/cast/216624/
Chanelle Howell,11,https://www.cbs.com/shows/survivor/cast/216607/
Daniel Strunk,11,https://www.cbs.com/shows/survivor/cast/216608/
Drea Wheeler,11,https://www.cbs.com/shows/survivor/cast/216609/
Hai Giang,11,https://www.cbs.com/shows/survivor/cast/216610/
Jackson Fox,11,https://www.cbs.com/shows/survivor/cast/216611/
Jenny Kim,11,https://www.cbs.com/shows/survivor/cast/216612/
Jonathan Young,11,https://www.cbs.com/shows/survivor/cast/216613/
Lindsay Dolashewich,11,https://www.cbs.com/shows/survivor/cast/216614/
Lydia Meredith,11,https://www.cbs.com/shows/survivor/cast/216615/
Marya Sherron,11,https://www.cbs.com/shows/survivor/cast/216616/
Maryanne Oketch,11,https://www.cbs.com/shows/survivor/cast/216617/
Mike Turner,11,https://www.cbs.com/shows/survivor/cast/216618/
Omar Zaheer,11,https://www.cbs.com/shows/survivor/cast/216619/
Rocksroy Bailey,11,https://www.cbs.com/shows/survivor/cast/216620/
Romeo Escobar,11,https://www.cbs.com/shows/survivor/cast/216621/
Swati Goel,11,https://www.cbs.com/shows/survivor/cast/216622/
Tori Meehan,11,https://www.cbs.com/shows/survivor/cast/216623/
Zach Wurtenberger,11,https://www.cbs.com/shows/survivor/cast/216624/
Chanelle Howell,12,https://www.cbs.com/shows/survivor/cast/216607/
Daniel Strunk,12,https://www.cbs.com/shows/survivor/cast/216608/
Drea Wheeler,12,https://www.cbs.com/shows/survivor/cast/216609/
Hai Giang,12,https://www.cbs.com/shows/survivor/cast/216610/
Jackson Fox,12,https://www.cbs.com/shows/survivor/cast/216611/
Jenny Kim,12,https://www.cbs.com/shows/survivor/cast/216612/
Jonathan Young,12,https://www.cbs.com/shows/survivor/cast/216613/
Lindsay Dolashewich,12,https://www.cbs.com/shows/survivor/cast/216614/
Lydia Meredith,12,https://www.cbs.com/shows/survivor/cast/216615/
Marya Sherron,12,https://www.cbs.com/shows/survivor/cast/216616/
Maryanne Oketch,12,https://www.cbs.com/shows/survivor/cast/216617/
Mike Turner,12,https://www.cbs.com/shows/survivor/cast/216618/
Omar Zaheer,12,https://www.cbs.com/shows/survivor/cast/216619/
Rocksroy Bailey,12,https://www.cbs.com/shows/survivor/cast/216620/
Romeo Escobar,12,https://www.cbs.com/shows/survivor/cast/216621/
Swati Goel,12,https://www.cbs.com/shows/survivor/cast/216622/
Tori Meehan,12,https://www.cbs.com/shows/survivor/cast/216623/
Zach Wurtenberger,12,https://www.cbs.com/shows/survivor/cast/216624/
Chanelle Howell,13,https://www.cbs.com/shows/survivor/cast/216607/
Daniel Strunk,13,https://www.cbs.com/shows/survivor/cast/216608/
Drea Wheeler,13,https://www.cbs.com/shows/survivor/cast/216609/
Hai Giang,13,https://www.cbs.com/shows/survivor/cast/216610/
Jackson Fox,13,https://www.cbs.com/shows/survivor/cast/216611/
Jenny Kim,13,https://www.cbs.com/shows/survivor/cast/216612/
Jonathan Young,13,https://www.cbs.com/shows/survivor/cast/216613/
Lindsay Dolashewich,13,https://www.cbs.com/shows/survivor/cast/216614/
Lydia Meredith,13,https://www.cbs.com/shows/survivor/cast/216615/
Marya Sherron,13,https://www.cbs.com/shows/survivor/cast/216616/
Maryanne Oketch,13,https://www.cbs.com/shows/survivor/cast/216617/
Mike Turner,13,https://www.cbs.com/shows/survivor/cast/216618/
Omar Zaheer,13,https://www.cbs.com/shows/survivor/cast/216619/
Rocksroy Bailey,13,https://www.cbs.com/shows/survivor/cast/216620/
Romeo Escobar,13,https://www.cbs.com/shows/survivor/cast/216621/
Swati Goel,13,https://www.cbs.com/shows/survivor/cast/216622/
Tori Meehan,13,https://www.cbs.com/shows/survivor/cast/216623/
Zach Wurtenberger,13,https://www.cbs.com/shows/survivor/cast/216624/
Chanelle Howell,14,https://www.cbs.com/shows/survivor/cast/216607/
Daniel Strunk,14,https://www.cbs.com/shows/survivor/cast/216608/
Drea Wheeler,14,https://www.cbs.com/shows/survivor/cast/216609/
Hai Giang,14,https://www.cbs.com/shows/survivor/cast/216610/
Jackson Fox,14,https://www.cbs.com/shows/survivor/cast/216611/
Jenny Kim,14,https://www.cbs.com/shows/survivor/cast/216612/
Jonathan Young,14,https://www.cbs.com/shows/survivor/cast/216613/
Lindsay Dolashewich,14,https://www.cbs.com/shows/survivor/cast/216614/
Lydia Meredith,14,https://www.cbs.com/shows/survivor/cast/216615/
Marya Sherron,14,https://www.cbs.com/shows/survivor/cast/216616/
Maryanne Oketch,14,https://www.cbs.com/shows/survivor/cast/216617/
Mike Turner,14,https://www.cbs.com/shows/survivor/cast/216618/
Omar Zaheer,14,https://www.cbs.com/shows/survivor/cast/216619/
Rocksroy Bailey,14,https://www.cbs.com/shows/survivor/cast/216620/
Romeo Escobar,14,https://www.cbs.com/shows/survivor/cast/216621/
Swati Goel,14,https://www.cbs.com/shows/survivor/cast/216622/
Tori Meehan,14,https://www.cbs.com/shows/survivor/cast/216623/
Zach Wurtenberger,14,https://www.cbs.com/shows/survivor/cast/216624/
Chanelle Howell,15,https://www.cbs.com/shows/survivor/cast/216607/
Daniel Strunk,15,https://www.cbs.com/shows/survivor/cast/216608/
Drea Wheeler,15,https://www.cbs.com/shows/survivor/cast/216609/
Hai Giang,15,https://www.cbs.com/shows/survivor/cast/216610/
Jackson Fox,15,https://www.cbs.com/shows/survivor/cast/216611/
Jenny Kim,15,https://www.cbs.com/shows/survivor/cast/216612/
Jonathan Young,15,https://www.cbs.com/shows/survivor/cast/216613/
Lindsay Dolashewich,15,https://www.cbs.com/shows/survivor/cast/216614/
Lydia Meredith,15,https://www.cbs.com/shows/survivor/cast/216615/
Marya Sherron,15,https://www.cbs.com/shows/survivor/cast/216616/
Maryanne Oketch,15,https://www.cbs.com/shows/survivor/cast/216617/
Mike Turner,15,https://www.cbs.com/shows/survivor/cast/216618/
Omar Zaheer,15,https://www.cbs.com/shows/survivor/cast/216619/
Rocksroy Bailey,15,https://www.cbs.com/shows/survivor/cast/216620/
Romeo Escobar,15,https://www.cbs.com/shows/survivor/cast/216621/
Swati Goel,15,https://www.cbs.com/shows/survivor/cast/216622/
Tori Meehan,15,https://www.cbs.com/shows/survivor/cast/216623/
Zach Wurtenberger,15,https://www.cbs.com/shows/survivor/cast/216624/
Chanelle Howell,16,https://www.cbs.com/shows/survivor/cast/216607/
Daniel Strunk,16,https://www.cbs.com/shows/survivor/cast/216608/
Drea Wheeler,16,https://www.cbs.com/shows/survivor/cast/216609/
Hai Giang,16,https://www.cbs.com/shows/survivor/cast/216610/
Jackson Fox,16,https://www.cbs.com/shows/survivor/cast/216611/
Jenny Kim,16,https://www.cbs.com/shows/survivor/cast/216612/
Jonathan Young,16,https://www.cbs.com/shows/survivor/cast/216613/
Lindsay Dolashewich,16,https://www.cbs.com/shows/survivor/cast/216614/
Lydia Meredith,16,https://www.cbs.com/shows/survivor/cast/216615/
Marya Sherron,16,https://www.cbs.com/shows/survivor/cast/216616/
Maryanne Oketch,16,https://www.cbs.com/shows/survivor/cast/216617/
Mike Turner,16,https://www.cbs.com/shows/survivor/cast/216618/
Omar Zaheer,16,https://www.cbs.com/shows/survivor/cast/216619/
Rocksroy Bailey,16,https://www.cbs.com/shows/survivor/cast/216620/
Romeo Escobar,16,https://www.cbs.com/shows/survivor/cast/216621/
Swati Goel,16,https://www.cbs.com/shows/survivor/cast/216622/
Tori Meehan,16,https://www.cbs.com/shows/survivor/cast/216623/
Zach Wurtenberger,16,https://www.cbs.com/shows/survivor/cast/216624/
Chanelle Howell,17,https://www.cbs.com/shows/survivor/cast/216607/
Daniel Strunk,17,https://www.cbs.com/shows/survivor/cast/216608/
Drea Wheeler,17,https://www.cbs.com/shows/survivor/cast/216609/
Hai Giang,17,https://www.cbs.com/shows/survivor/cast/216610/
Jackson Fox,17,https://www.cbs.com/shows/survivor/cast/216611/
Jenny Kim,17,https://www.cbs.com/shows/survivor/cast/216612/
Jonathan Young,17,https://www.cbs.com/shows/survivor/cast/216613/
Lindsay Dolashewich,17,https://www.cbs.com/shows/survivor/cast/216614/
Lydia Meredith,17,https://www.cbs.com/shows/survivor/cast/216615/
Marya Sherron,17,https://www.cbs.com/shows/survivor/cast/216616/
Maryanne Oketch,17,https://www.cbs.com/shows/survivor/cast/216617/
Mike Turner,17,https://www.cbs.com/shows/survivor/cast/216618/
Omar Zaheer,17,https://www.cbs.com/shows/survivor/cast/216619/
Rocksroy Bailey,17,https://www.cbs.com/shows/survivor/cast/216620/
Romeo Escobar,17,https://www.cbs.com/shows/survivor/cast/216621/
Swati Goel,17,https://www.cbs.com/shows/survivor/cast/216622/
Tori Meehan,17,https://www.cbs.com/shows/survivor/cast/216623/
Zach Wurtenberger,17,https://www.cbs.com/shows/survivor/cast/216624/
Chanelle Howell,18,https://www.cbs.com/shows/survivor/cast/216607/
Daniel Strunk,18,https://www.cbs.com/shows/survivor/cast/216608/
Drea Wheeler,18,https://www.cbs.com/shows/survivor/cast/216609/
Hai Giang,18,https://www.cbs.com/shows/survivor/cast/216610/
Jackson Fox,18,https://www.cbs.com/shows/survivor/cast/216611/
Jenny Kim,18,https://www.cbs.com/shows/survivor/cast/216612/
Jonathan Young,18,https://www.cbs.com/shows/survivor/cast/216613/
Lindsay Dolashewich,18,https://www.cbs.com/shows/survivor/cast/216614/
Lydia Meredith,18,https://www.cbs.com/shows/survivor/cast/216615/
Marya Sherron,18,https://www.cbs.com/shows/survivor/cast/216616/
Maryanne Oketch,18,https://www.cbs.com/shows/survivor/cast/216617/
Mike Turner,18,https://www.cbs.com/shows/survivor/cast/216618/
Omar Zaheer,18,https://www.cbs.com/shows/survivor/cast/216619/
Rocksroy Bailey,18,https://www.cbs.com/shows/survivor/cast/216620/
Romeo Escobar,18,https://www.cbs.com/shows/survivor/cast/216621/
Swati Goel,18,https://www.cbs.com/shows/survivor/cast/216622/
Tori Meehan,18,https://www.cbs.com/shows/survivor/cast/216623/
Zach Wurtenberger,18,https://www.cbs.com/shows/survivor/cast/216624/
Chanelle Howell,19,https://www.cbs.com/shows/survivor/cast/216607/
Daniel Strunk,19,https://www.cbs.com/shows/survivor/cast/216608/
Drea Wheeler,19,https://www.cbs.com/shows/survivor/cast/216609/
Hai Giang,19,https://www.cbs.com/shows/survivor/cast/216610/
Jackson Fox,19,https://www.cbs.com/shows/survivor/cast/216611/
Jenny Kim,19,https://www.cbs.com/shows/survivor/cast/216612/
Jonathan Young,19,https://www.cbs.com/shows/survivor/cast/216613/
Lindsay Dolashewich,19,https://www.cbs.com/shows/survivor/cast/216614/
Lydia Meredith,19,https://www.cbs.com/shows/survivor/cast/216615/
Marya Sherron,19,https://www.cbs.com/shows/survivor/cast/216616/
Maryanne Oketch,19,https://www.cbs.com/shows/survivor/cast/216617/
Mike Turner,19,https://www.cbs.com/shows/survivor/cast/216618/
Omar Zaheer,19,https://www.cbs.com/shows/survivor/cast/216619/
Rocksroy Bailey,19,https://www.cbs.com/shows/survivor/cast/216620/
Romeo Escobar,19,https://www.cbs.com/shows/survivor/cast/216621/
Swati Goel,19,https://www.cbs.com/shows/survivor/cast/216622/
Tori Meehan,19,https://www.cbs.com/shows/survivor/cast/216623/
Zach Wurtenberger,19,https://www.cbs.com/shows/survivor/cast/216624/
Chanelle Howell,20,https://www.cbs.com/shows/survivor/cast/216607/
Daniel Strunk,20,https://www.cbs.com/shows/survivor/cast/216608/
Drea Wheeler,20,https://www.cbs.com/shows/survivor/cast/216609/
Hai Giang,20,https://www.cbs.com/shows/survivor/cast/216610/
Jackson Fox,20,https://www.cbs.com/shows/survivor/cast/216611/
Jenny Kim,20,https://www.cbs.com/shows/survivor/cast/216612/
Jonathan Young,20,https://www.cbs.com/shows/survivor/cast/216613/
Lindsay Dolashewich,20,https://www.cbs.com/shows/survivor/cast/216614/
Lydia Meredith,20,https://www.cbs.com/shows/survivor/cast/216615/
Marya Sherron,20,https://www.cbs.com/shows/survivor/cast/216616/
Maryanne Oketch,20,https://www.cbs.com/shows/survivor/cast/216617/
Mike Turner,20,https://www.cbs.com/shows/survivor/cast/216618/
Omar Zaheer,20,https://www.cbs.com/shows/survivor/cast/216619/
Rocksroy Bailey,20,https://www.cbs.com/shows/survivor/cast/216620/
Romeo Escobar,20,https://www.cbs.com/shows/survivor/cast/216621/
Swati Goel,20,https://www.cbs.com/shows/survivor/cast/216622/
Tori Meehan,20,https://www.cbs.com/shows/survivor/cast/216623/
Zach Wurtenberger,20,https://www.cbs.com/shows/survivor/cast/216624/
Chanelle Howell,21,https://www.cbs.com/shows/survivor/cast/216607/
Daniel Strunk,21,https://www.cbs.com/shows/survivor/cast/216608/
Drea Wheeler,21,https://www.cbs.com/shows/survivor/cast/216609/
Hai Giang,21,https://www.cbs.com/shows/survivor/cast/216610/
Jackson Fox,21,https://www.cbs.com/shows/survivor/cast/216611/
Jenny Kim,21,https://www.cbs.com/shows/survivor/cast/216612/
Jonathan Young,21,https://www.cbs.com/shows/survivor/cast/216613/
Lindsay Dolashewich,21,https://www.cbs.com/shows/survivor/cast/216614/
Lydia Meredith,21,https://www.cbs.com/shows/survivor/cast/216615/
Marya Sherron,21,https://www.cbs.com/shows/survivor/cast/216616/
Maryanne Oketch,21,https://www.cbs.com/shows/survivor/cast/216617/
Mike Turner,21,https://www.cbs.com/shows/survivor/cast/216618/
Omar Zaheer,21,https://www.cbs.com/shows/survivor/cast/216619/
Rocksroy Bailey,21,https://www.cbs.com/shows/survivor/cast/216620/
Romeo Escobar,21,https://www.cbs.com/shows/survivor/cast/216621/
Swati Goel,21,https://www.cbs.com/shows/survivor/cast/216622/
Tori Meehan,21,https://www.cbs.com/shows/survivor/cast/216623/
Zach Wurtenberger,21,https://www.cbs.com/shows/survivor/cast/216624/
Chanelle Howell,22,https://www.cbs.com/shows/survivor/cast/216607/
Daniel Strunk,22,https://www.cbs.com/shows/survivor/cast/216608/
Drea Wheeler,22,https://www.cbs.com/shows/survivor/cast/216609/
Hai Giang,22,https://www.cbs.com/shows/survivor/cast/216610/
Jackson Fox,22,https://www.cbs.com/shows/survivor/cast/216611/
Jenny Kim,22,https://www.cbs.com/shows/survivor/cast/216612/
Jonathan Young,22,https://www.cbs.com/shows/survivor/cast/216613/
Lindsay Dolashewich,22,https://www.cbs.com/shows/survivor/cast/216614/
Lydia Meredith,22,https://www.cbs.com/shows/survivor/cast/216615/
Marya Sherron,22,https://www.cbs.com/shows/survivor/cast/216616/
Maryanne Oketch,22,https://www.cbs.com/shows/survivor/cast/216617/
Mike Turner,22,https://www.cbs.com/shows/survivor/cast/216618/
Omar Zaheer,22,https://www.cbs.com/shows/survivor/cast/216619/
Rocksroy Bailey,22,https://www.cbs.com/shows/survivor/cast/216620/
Romeo Escobar,22,https://www.cbs.com/shows/survivor/cast/216621/
Swati Goel,22,https://www.cbs.com/shows/survivor/cast/216622/
Tori Meehan,22,https://www.cbs.com/shows/survivor/cast/216623/
Zach Wurtenberger,22,https://www.cbs.com/shows/survivor/cast/216624/
Chanelle Howell,23,https://www.cbs.com/shows/survivor/cast/216607/
Daniel Strunk,23,https://www.cbs.com/shows/survivor/cast/216608/
Drea Wheeler,23,https://www.cbs.com/shows/survivor/cast/216609/
Hai Giang,23,https://www.cbs.com/shows/survivor/cast/216610/
Jackson Fox,23,https://www.cbs.com/shows/survivor/cast/216611/
Jenny Kim,23,https://www.cbs.com/shows/survivor/cast/216612/
Jonathan Young,23,https://www.cbs.com/shows/survivor/cast/216613/
Lindsay Dolashewich,23,https://www.cbs.com/shows/survivor/cast/216614/
Lydia Meredith,23,https://www.cbs.com/shows/survivor/cast/216615/
Marya Sherron,23,https://www.cbs.com/shows/survivor/cast/216616/
Maryanne Oketch,23,https://www.cbs.com/shows/survivor/cast/216617/
Mike Turner,23,https://www.cbs.com/shows/survivor/cast/216618/
Omar Zaheer,23,https://www.cbs.com/shows/survivor/cast/216619/
Rocksroy Bailey,23,https://www.cbs.com/shows/survivor/cast/216620/
Romeo Escobar,23,https://www.cbs.com/shows/survivor/cast/216621/
Swati Goel,23,https://www.cbs.com/shows/survivor/cast/216622/
Tori Meehan,23,https://www.cbs.com/shows/survivor/cast/216623/
Zach Wurtenberger,23,https://www.cbs.com/shows/survivor/cast/216624/
Chanelle Howell,24,https://www.cbs.com/shows/survivor/cast/216607/
Daniel Strunk,24,https://www.cbs.com/shows/survivor/cast/216608/
Drea Wheeler,24,https://www.cbs.com/shows/survivor/cast/216609/
Hai Giang,24,https://www.cbs.com/shows/survivor/cast/216610/
Jackson Fox,24,https://www.cbs.com/shows/survivor/cast/216611/
Jenny Kim,24,https://www.cbs.com/shows/survivor/cast/216612/
Jonathan Young,24,https://www.cbs.com/shows/survivor/cast/216613/
Lindsay Dolashewich,24,https://www.cbs.com/shows/survivor/cast/216614/
Lydia Meredith,24,https://www.cbs.com/shows/survivor/cast/216615/
Marya Sherron,24,https://www.cbs.com/shows/survivor/cast/216616/
Maryanne Oketch,24,https://www.cbs.com/shows/survivor/cast/216617/
Mike Turner,24,https://www.cbs.com/shows/survivor/cast/216618/
Omar Zaheer,24,https://www.cbs.com/shows/survivor/cast/216619/
Rocksroy Bailey,24,https://www.cbs.com/shows/survivor/cast/216620/
Romeo Escobar,24,https://www.cbs.com/shows/survivor/cast/216621/
Swati Goel,24,https://www.cbs.com/shows/survivor/cast/216622/
Tori Meehan,24,https://www.cbs.com/shows/survivor/cast/216623/
Zach Wurtenberger,24,https://www.cbs.com/shows/survivor/cast/216624/
Chanelle Howell,25,https://www.cbs.com/shows/survivor/cast/216607/
Daniel Strunk,25,https://www.cbs.com/shows/survivor/cast/216608/
Drea Wheeler,25,https://www.cbs.com/shows/survivor/cast/216609/
Hai Giang,25,https://www.cbs.com/shows/survivor/cast/216610/
Jackson Fox,25,https://www.cbs.com/shows/survivor/cast/216611/
Jenny Kim,25,https://www.cbs.com/shows/survivor/cast/216612/
Jonathan Young,25,https://www.cbs.com/shows/survivor/cast/216613/
Lindsay Dolashewich,25,https://www.cbs.com/shows/survivor/cast/216614/
Lydia Meredith,25,https://www.cbs.com/shows/survivor/cast/216615/
Marya Sherron,25,https://www.cbs.com/shows/survivor/cast/216616/
Maryanne Oketch,25,https://www.cbs.com/shows/survivor/cast/216617/
Mike Turner,25,https://www.cbs.com/shows/survivor/cast/216618/
Omar Zaheer,25,https://www.cbs.com/shows/survivor/cast/216619/
Rocksroy Bailey,25,https://www.cbs.com/shows/survivor/cast/216620/
Romeo Escobar,25,https://www.cbs.com/shows/survivor/cast/216621/
Swati Goel,25,https://www.cbs.com/shows/survivor/cast/216622/
Tori Meehan,25,https://www.cbs.com/shows/survivor/cast/216623/
Zach Wurtenberger,25,https://www.cbs.com/shows/survivor/cast/216624/
Chanelle Howell,26,https://www.cbs.com/shows/survivor/cast/216607/
Daniel Strunk,26,https://www.cbs.com/shows/survivor/cast/216608/
Drea Wheeler,26,https://www.cbs.com/shows/survivor/cast/216609/
Hai Giang,26,https://www.cbs.com/shows/survivor/cast/216610/
Jackson Fox,26,https://www.cbs.com/shows/survivor/cast/216611/
Jenny Kim,26,https://www.cbs.com/shows/survivor/cast/216612/
Jonathan Young,26,https://www.cbs.com/shows/survivor/cast/216613/
Lindsay Dolashewich,26,https://www.cbs.com/shows/survivor/cast/216614/
Lydia Meredith,26,https://www.cbs.com/shows/survivor/cast/216615/
Marya Sherron,26,https://www.cbs.com/shows/survivor/cast/216616/
Maryanne Oketch,26,https://www.cbs.com/shows/survivor/cast/216617/
Mike Turner,26,https://www.cbs.com/shows/survivor/cast/216618/
Omar Zaheer,26,https://www.cbs.com/shows/survivor/cast/216619/
Rocksroy Bailey,26,https://www.cbs.com/shows/survivor/cast/216620/
Romeo Escobar,26,https://www.cbs.com/shows/survivor/cast/216621/
Swati Goel,26,https://www.cbs.com/shows/survivor/cast/216622/
Tori Meehan,26,https://www.cbs.com/shows/survivor/cast/216623/
Zach Wurtenberger,26,https://www.cbs.com/shows/survivor/cast/216624/
Chanelle Howell,27,https://www.cbs.com/shows/survivor/cast/216607/
Daniel Strunk,27,https://www.cbs.com/shows/survivor/cast/216608/
Drea Wheeler,27,https://www.cbs.com/shows/survivor/cast/216609/
Hai Giang,27,https://www.cbs.com/shows/survivor/cast/216610/
Jackson Fox,27,https://www.cbs.com/shows/survivor/cast/216611/
Jenny Kim,27,https://www.cbs.com/shows/survivor/cast/216612/
Jonathan Young,27,https://www.cbs.com/shows/survivor/cast/216613/
Lindsay Dolashewich,27,https://www.cbs.com/shows/survivor/cast/216614/
Lydia Meredith,27,https://www.cbs.com/shows/survivor/cast/216615/
Marya Sherron,27,https://www.cbs.com/shows/survivor/cast/216616/
Maryanne Oketch,27,https://www.cbs.com/shows/survivor/cast/216617/
Mike Turner,27,https://www.cbs.com/shows/survivor/cast/216618/
Omar Zaheer,27,https://www.cbs.com/shows/survivor/cast/216619/
Rocksroy Bailey,27,https://www.cbs.com/shows/survivor/cast/216620/
Romeo Escobar,27,https://www.cbs.com/shows/survivor/cast/216621/
Swati Goel,27,https://www.cbs.com/shows/survivor/cast/216622/
Tori Meehan,27,https://www.cbs.com/shows/survivor/cast/216623/
Zach Wurtenberger,27,https://www.cbs.com/shows/survivor/cast/216624/
Chanelle Howell,28,https://www.cbs.com/shows/survivor/cast/216607/
Daniel Strunk,28,https://www.cbs.com/shows/survivor/cast/216608/
Drea Wheeler,28,https://www.cbs.com/shows/survivor/cast/216609/
Hai Giang,28,https://www.cbs.com/shows/survivor/cast/216610/
Jackson Fox,28,https://www.cbs.com/shows/survivor/cast/216611/
Jenny Kim,28,https://www.cbs.com/shows/survivor/cast/216612/
Jonathan Young,28,https://www.cbs.com/shows/survivor/cast/216613/
Lindsay Dolashewich,28,https://www.cbs.com/shows/survivor/cast/216614/
Lydia Meredith,28,https://www.cbs.com/shows/survivor/cast/216615/
Marya Sherron,28,https://www.cbs.com/shows/survivor/cast/216616/
Maryanne Oketch,28,https://www.cbs.com/shows/survivor/cast/216617/
Mike Turner,28,https://www.cbs.com/shows/survivor/cast/216618/
Omar Zaheer,28,https://www.cbs.com/shows/survivor/cast/216619/
Rocksroy Bailey,28,https://www.cbs.com/shows/survivor/cast/216620/
Romeo Escobar,28,https://www.cbs.com/shows/survivor/cast/216621/
Swati Goel,28,https://www.cbs.com/shows/survivor/cast/216622/
Tori Meehan,28,https://www.cbs.com/shows/survivor/cast/216623/
Zach Wurtenberger,28,https://www.cbs.com/shows/survivor/cast/216624/
Chanelle Howell,29,https://www.cbs.com/shows/survivor/cast/216607/
Daniel Strunk,29,https://www.cbs.com/shows/survivor/cast/216608/
Drea Wheeler,29,https://www.cbs.com/shows/survivor/cast/216609/
Hai Giang,29,https://www.cbs.com/shows/survivor/cast/216610/
Jackson Fox,29,https://www.cbs.com/shows/survivor/cast/216611/
Jenny Kim,29,https://www.cbs.com/shows/survivor/cast/216612/
Jonathan Young,29,https://www.cbs.com/shows/survivor/cast/216613/
Lindsay Dolashewich,29,https://www.cbs.com/shows/survivor/cast/216614/
Lydia Meredith,29,https://www.cbs.com/shows/survivor/cast/216615/
Marya Sherron,29,https://www.cbs.com/shows/survivor/cast/216616/
Maryanne Oketch,29,https://www.cbs.com/shows/survivor/cast/216617/
Mike Turner,29,https://www.cbs.com/shows/survivor/cast/216618/
Omar Zaheer,29,https://www.cbs.com/shows/survivor/cast/216619/
Rocksroy Bailey,29,https://www.cbs.com/shows/survivor/cast/216620/
Romeo Escobar,29,https://www.cbs.com/shows/survivor/cast/216621/
Swati Goel,29,https://www.cbs.com/shows/survivor/cast/216622/
Tori Meehan,29,https://www.cbs.com/shows/survivor/cast/216623/
Zach Wurtenberger,29,https://www.cbs.com/shows/survivor/cast/216624/
Chanelle Howell,30,https://www.cbs.com/shows/survivor/cast/216607/
Daniel Strunk,30,https://www.cbs.com/shows/survivor/cast/216608/
Drea Wheeler,30,https://www.cbs.com/shows/survivor/cast/216609/
Hai Giang,30,https://www.cbs.com/shows/survivor/cast/216610/
Jackson Fox,30,https://www.cbs.com/shows/survivor/cast/216611/
Jenny Kim,30,https://www.cbs.com/shows/survivor/cast/216612/
Jonathan Young,30,https://www.cbs.com/shows/survivor/cast/216613/
Lindsay Dolashewich,30,https://www.cbs.com/shows/survivor/cast/216614/
Lydia Meredith,30,https://www.cbs.com/shows/survivor/cast/216615/
Marya Sherron,30,https://www.cbs.com/shows/survivor/cast/216616/
Maryanne Oketch,30,https://www.cbs.com/shows/survivor/cast/216617/
Mike Turner,30,https://www.cbs.com/shows/survivor/cast/216618/
Omar Zaheer,30,https://www.cbs.com/shows/survivor/cast/216619/
Rocksroy Bailey,30,https://www.cbs.com/shows/survivor/cast/216620/
Romeo Escobar,30,https://www.cbs.com/shows/survivor/cast/216621/
Swati Goel,30,https://www.cbs.com/shows/survivor/cast/216622/
Tori Meehan,30,https://www.cbs.com/shows/survivor/cast/216623/
Zach Wurtenberger,30,https://www.cbs.com/shows/survivor/cast/216624/
Chanelle Howell,31,https://www.cbs.com/shows/survivor/cast/216607/
Daniel Strunk,31,https://www.cbs.com/shows/survivor/cast/216608/
Drea Wheeler,31,https://www.cbs.com/shows/survivor/cast/216609/
Hai Giang,31,https://www.cbs.com/shows/survivor/cast/216610/
Jackson Fox,31,https://www.cbs.com/shows/survivor/cast/216611/
Jenny Kim,31,https://www.cbs.com/shows/survivor/cast/216612/
Jonathan Young,31,https://www.cbs.com/shows/survivor/cast/216613/
Lindsay Dolashewich,31,https://www.cbs.com/shows/survivor/cast/216614/
Lydia Meredith,31,https://www.cbs.com/shows/survivor/cast/216615/
Marya Sherron,31,https://www.cbs.com/shows/survivor/cast/216616/
Maryanne Oketch,31,https://www.cbs.com/shows/survivor/cast/216617/
Mike Turner,31,https://www.cbs.com/shows/survivor/cast/216618/
Omar Zaheer,31,https://www.cbs.com/shows/survivor/cast/216619/
Rocksroy Bailey,31,https://www.cbs.com/shows/survivor/cast/216620/
Romeo Escobar,31,https://www.cbs.com/shows/survivor/cast/216621/
Swati Goel,31,https://www.cbs.com/shows/survivor/cast/216622/
Tori Meehan,31,https://www.cbs.com/shows/survivor/cast/216623/
Zach Wurtenberger,31,https://www.cbs.com/shows/survivor/cast/216624/
Chanelle Howell,32,https://www.cbs.com/shows/survivor/cast/216607/
Daniel Strunk,32,https://www.cbs.com/shows/survivor/cast/216608/
Drea Wheeler,32,https://www.cbs.com/shows/survivor/cast/216609/
Hai Giang,32,https://www.cbs.com/shows/survivor/cast/216610/
Jackson Fox,32,https://www.cbs.com/shows/survivor/cast/216611/
Jenny Kim,32,https://www.cbs.com/shows/survivor/cast/216612/
Jonathan Young,32,https://www.cbs.com/shows/survivor/cast/216613/
Lindsay Dolashewich,32,https://www.cbs.com/shows/survivor/cast/216614/
Lydia Meredith,32,https://www.cbs.com/shows/survivor/cast/216615/
Marya Sherron,32,https://www.cbs.com/shows/survivor/cast/216616/
Maryanne Oketch,32,https://www.cbs.com/shows/survivor/cast/216617/
Mike Turner,32,https://www.cbs.com/shows/survivor/cast/216618/
Omar Zaheer,32,https://www.cbs.com/shows/survivor/cast/216619/
Rocksroy Bailey,32,https://www.cbs.com/shows/survivor/cast/216620/
Romeo Escobar,32,https://www.cbs.com/shows/survivor/cast/216621/
Swati Goel,32,https://www.cbs.com/shows/survivor/cast/216622/
Tori Meehan,32,https://www.cbs.com/shows/survivor/cast/216623/
Zach Wurtenberger,32,https://www.cbs.com/shows/survivor/cast/216624/
Chanelle Howell,33,https://www.cbs.com/shows/survivor/cast/216607/
Daniel Strunk,33,https://www.cbs.com/shows/survivor/cast/216608/
Drea Wheeler,33,https://www.cbs.com/shows/survivor/cast/216609/
Hai Giang,33,https://www.cbs.com/shows/survivor/cast/216610/
Jackson Fox,33,https://www.cbs.com/shows/survivor/cast/216611/
Jenny Kim,33,https://www.cbs.com/shows/survivor/cast/216612/
Jonathan Young,33,https://www.cbs.com/shows/survivor/cast/216613/
Lindsay Dolashewich,33,https://www.cbs.com/shows/survivor/cast/216614/
Lydia Meredith,33,https://www.cbs.com/shows/survivor/cast/216615/
Marya Sherron,33,https://www.cbs.com/shows/survivor/cast/216616/
Maryanne Oketch,33,https://www.cbs.com/shows/survivor/cast/216617/
Mike Turner,33,https://www.cbs.com/shows/survivor/cast/216618/
Omar Zaheer,33,https://www.cbs.com/shows/survivor/cast/216619/
Rocksroy Bailey,33,https://www.cbs.com/shows/survivor/cast/216620/
Romeo Escobar,33,https://www.cbs.com/shows/survivor/cast/216621/
Swati Goel,33,https://www.cbs.com/shows/survivor/cast/216622/
Tori Meehan,33,https://www.cbs.com/shows/survivor/cast/216623/
Zach Wurtenberger,33,https://www.cbs.com/shows/survivor/cast/216624/
Chanelle Howell,34,https://www.cbs.com/shows/survivor/cast/216607/
Daniel Strunk,34,https://www.cbs.com/shows/survivor/cast/216608/
Drea Wheeler,34,https://www.cbs.com/shows/survivor/cast/216609/
Hai Giang,34,https://www.cbs.com/shows/survivor/cast/216610/
Jackson Fox,34,https://www.cbs.com/shows/survivor/cast/216611/
Jenny Kim,34,https://www.cbs.com/shows/survivor/cast/216612/
Jonathan Young,34,https://www.cbs.com/shows/survivor/cast/216613/
Lindsay Dolashewich,34,https://www.cbs.com/shows/survivor/cast/216614/
Lydia Meredith,34,https://www.cbs.com/shows/survivor/cast/216615/
Marya Sherron,34,https://www.cbs.com/shows/survivor/cast/216616/
Maryanne Oketch,34,https://www.cbs.com/shows/survivor/cast/216617/
Mike Turner,34,https://www.cbs.com/shows/survivor/cast/216618/
Omar Zaheer,34,https://www.cbs.com/shows/survivor/cast/216619/
Rocksroy Bailey,34,https://www.cbs.com/shows/survivor/cast/216620/
Romeo Escobar,34,https://www.cbs.com/shows/survivor/cast/216621/
Swati Goel,34,https://www.cbs.com/shows/survivor/cast/216622/
Tori Meehan,34,https://www.cbs.com/shows/survivor/cast/216623/
Zach Wurtenberger,34,https://www.cbs.com/shows/survivor/cast/216624/
Chanelle Howell,35,https://www.cbs.com/shows/survivor/cast/216607/
Daniel Strunk,35,https://www.cbs.com/shows/survivor/cast/216608/
Drea Wheeler,35,https://www.cbs.com/shows/survivor/cast/216609/
Hai Giang,35,https://www.cbs.com/shows/survivor/cast/216610/
Jackson Fox,35,https://www.cbs.com/shows/survivor/cast/216611/
Jenny Kim,35,https://www.cbs.com/shows/survivor/cast/216612/
Jonathan Young,35,https://www.cbs.com/shows/survivor/cast/216613/
Lindsay Dolashewich,35,https://www.cbs.com/shows/survivor/cast/216614/
Lydia Meredith,35,https://www.cbs.com/shows/survivor/cast/216615/
Marya Sherron,35,https://www.cbs.com/shows/survivor/cast/216616/
Maryanne Oketch,35,https://www.cbs.com/shows/survivor/cast/216617/
Mike Turner,35,https://www.cbs.com/shows/survivor/cast/216618/
Omar Zaheer,35,https://www.cbs.com/shows/survivor/cast/216619/
Rocksroy Bailey,35,https://www.cbs.com/shows/survivor/cast/216620/
Romeo Escobar,35,https://www.cbs.com/shows/survivor/cast/216621/
Swati Goel,35,https://www.cbs.com/shows/survivor/cast/216622/
Tori Meehan,35,https://www.cbs.com/shows/survivor/cast/216623/
Zach Wurtenberger,35,https://www.cbs.com/shows/survivor/cast/216624/
Chanelle Howell,36,https://www.cbs.com/shows/survivor/cast/216607/
Daniel Strunk,36,https://www.cbs.com/shows/survivor/cast/216608/
Drea Wheeler,36,https://www.cbs.com/shows/survivor/cast/216609/
Hai Giang,36,https://www.cbs.com/shows/survivor/cast/216610/
Jackson Fox,36,https://www.cbs.com/shows/survivor/cast/216611/
Jenny Kim,36,https://www.cbs.com/shows/survivor/cast/216612/
Jonathan Young,36,https://www.cbs.com/shows/survivor/cast/216613/
Lindsay Dolashewich,36,https://www.cbs.com/shows/survivor/cast/216614/
Lydia Meredith,36,https://www.cbs.com/shows/survivor/cast/216615/
Marya Sherron,36,https://www.cbs.com/shows/survivor/cast/216616/
Maryanne Oketch,36,https://www.cbs.com/shows/survivor/cast/216617/
Mike Turner,36,https://www.cbs.com/shows/survivor/cast/216618/
Omar Zaheer,36,https://www.cbs.com/shows/survivor/cast/216619/
Rocksroy Bailey,36,https://www.cbs.com/shows/survivor/cast/216620/
Romeo Escobar,36,https://www.cbs.com/shows/survivor/cast/216621/
Swati Goel,36,https://www.cbs.com/shows/survivor/cast/216622/
Tori Meehan,36,https://www.cbs.com/shows/survivor/cast/216623/
Zach Wurtenberger,36,https://www.cbs.com/shows/survivor/cast/216624/
Chanelle Howell,37,https://www.cbs.com/shows/survivor/cast/216607/
Daniel Strunk,37,https://www.cbs.com/shows/survivor/cast/216608/
Drea Wheeler,37,https://www.cbs.com/shows/survivor/cast/216609/
Hai Giang,37,https://www.cbs.com/shows/survivor/cast/216610/
Jackson Fox,37,https://www.cbs.com/shows/survivor/cast/216611/
Jenny Kim,37,https://www.cbs.com/shows/survivor/cast/216612/
Jonathan Young,37,https://www.cbs.com/shows/survivor/cast/216613/
Lindsay Dolashewich,37,https://www.cbs.com/shows/survivor/cast/216614/
Lydia Meredith,37,https://www.cbs.com/shows/survivor/cast/216615/
Marya Sherron,37,https://www.cbs.com/shows/survivor/cast/216616/
Maryanne Oketch,37,https://www.cbs.com/shows/survivor/cast/216617/
Mike Turner,37,https://www.cbs.com/shows/survivor/cast/216618/
Omar Zaheer,37,https://www.cbs.com/shows/survivor/cast/216619/
Rocksroy Bailey,37,https://www.cbs.com/shows/survivor/cast/216620/
Romeo Escobar,37,https://www.cbs.com/shows/survivor/cast/216621/
Swati Goel,37,https://www.cbs.com/shows/survivor/cast/216622/
Tori Meehan,37,https://www.cbs.com/shows/survivor/cast/216623/
Zach Wurtenberger,37,https://www.cbs.com/shows/survivor/cast/216624/
Chanelle Howell,38,https://www.cbs.com/shows/survivor/cast/216607/
Daniel Strunk,38,https://www.cbs.com/shows/survivor/cast/216608/
Drea Wheeler,38,https://www.cbs.com/shows/survivor/cast/216609/
Hai Giang,38,https://www.cbs.com/shows/survivor/cast/216610/
Jackson Fox,38,https://www.cbs.com/shows/survivor/cast/216611/
Jenny Kim,38,https://www.cbs.com/shows/survivor/cast/216612/
Jonathan Young,38,https://www.cbs.com/shows/survivor/cast/216613/
Lindsay Dolashewich,38,https://www.cbs.com/shows/survivor/cast/216614/
Lydia Meredith,38,https://www.cbs.com/shows/survivor/cast/216615/
Marya Sherron,38,https://www.cbs.com/shows/survivor/cast/216616/
Maryanne Oketch,38,https://www.cbs.com/shows/survivor/cast/216617/
Mike Turner,38,https://www.cbs.com/shows/survivor/cast/216618/
Omar Zaheer,38,https://www.cbs.com/shows/survivor/cast/216619/
Rocksroy Bailey,38,https://www.cbs.com/shows/survivor/cast/216620/
Romeo Escobar,38,https://www.cbs.com/shows/survivor/cast/216621/
Swati Goel,38,https://www.cbs.com/shows/survivor/cast/216622/
Tori Meehan,38,https://www.cbs.com/shows/survivor/cast/216623/
Zach Wurtenberger,38,https://www.cbs.com/shows/survivor/cast/216624/
Chanelle Howell,39,https://www.cbs.com/shows/survivor/cast/216607/
Daniel Strunk,39,https://www.cbs.com/shows/survivor/cast/216608/
Drea Wheeler,39,https://www.cbs.com/shows/survivor/cast/216609/
Hai Giang,39,https://www.cbs.com/shows/survivor/cast/216610/
Jackson Fox,39,https://www.cbs.com/shows/survivor/cast/216611/
Jenny Kim,39,https://www.cbs.com/shows/survivor/cast/216612/
Jonathan Young,39,https://www.cbs.com/shows/survivor/cast/216613/
Lindsay Dolashewich,39,https://www.cbs.com/shows/survivor/cast/216614/
Lydia Meredith,39,https://www.cbs.com/shows/survivor/cast/216615/
Marya Sherron,39,https://www.cbs.com/shows/survivor/cast/216616/
Maryanne Oketch,39,https://www.cbs.com/shows/survivor/cast/216617/
Mike Turner,39,https://www.cbs.com/shows/survivor/cast/216618/
Omar Zaheer,39,https://www.cbs.com/shows/survivor/cast/216619/
Rocksroy Bailey,39,https://www.cbs.com/shows/survivor/cast/216620/
Romeo Escobar,39,https://www.cbs.com/shows/survivor/cast/216621/
Swati Goel,39,https://www.cbs.com/shows/survivor/cast/216622/
Tori Meehan,39,https://www.cbs.com/shows/survivor/cast/216623/
Zach Wurtenberger,39,https://www.cbs.com/shows/survivor/cast/216624/
Chanelle Howell,40,https://www.cbs.com/shows/survivor/cast/216607/
Daniel Strunk,40,https://www.cbs.com/shows/survivor/cast/216608/
Drea Wheeler,40,https://www.cbs.com/shows/survivor/cast/216609/
Hai Giang,40,https://www.cbs.com/shows/survivor/cast/216610/
Jackson Fox,40,https://www.cbs.com/shows/survivor/cast/216611/
Jenny Kim,40,https://www.cbs.com/shows/survivor/cast/216612/
Jonathan Young,40,https://www.cbs.com/shows/survivor/cast/216613/
Lindsay Dolashewich,40,https://www.cbs.com/shows/survivor/cast/216614/
Lydia Meredith,40,https://www.cbs.com/shows/survivor/cast/216615/
Marya Sherron,40,https://www.cbs.com/shows/survivor/cast/216616/
Maryanne Oketch,40,https://www.cbs.com/shows/survivor/cast/216617/
Mike Turner,40,https://www.cbs.com/shows/survivor/cast/216618/
Omar Zaheer,40,https://www.cbs.com/shows/survivor/cast/216619/
Rocksroy Bailey,40,https://www.cbs.com/shows/survivor/cast/216620/
Romeo Escobar,40,https://www.cbs.com/shows/survivor/cast/216621/
Swati Goel,40,https://www.cbs.com/shows/survivor/cast/216622/
Tori Meehan,40,https://www.cbs.com/shows/survivor/cast/216623/
Zach Wurtenberger,40,https://www.cbs.com/shows/survivor/cast/216624/
Chanelle Howell,41,https://www.cbs.com/shows/survivor/cast/216607/
Daniel Strunk,41,https://www.cbs.com/shows/survivor/cast/216608/
Drea Wheeler,41,https://www.cbs.com/shows/survivor/cast/216609/
Hai Giang,41,https://www.cbs.com/shows/survivor/cast/216610/
Jackson Fox,41,https://www.cbs.com/shows/survivor/cast/216611/
Jenny Kim,41,https://www.cbs.com/shows/survivor/cast/216612/
Jonathan Young,41,https://www.cbs.com/shows/survivor/cast/216613/
Lindsay Dolashewich,41,https://www.cbs.com/shows/survivor/cast/216614/
Lydia Meredith,41,https://www.cbs.com/shows/survivor/cast/216615/
Marya Sherron,41,https://www.cbs.com/shows/survivor/cast/216616/
Maryanne Oketch,41,https://www.cbs.com/shows/survivor/cast/216617/
Mike Turner,41,https://www.cbs.com/shows/survivor/cast/216618/
Omar Zaheer,41,https://www.cbs.com/shows/survivor/cast/216619/
Rocksroy Bailey,41,https://www.cbs.com/shows/survivor/cast/216620/
Romeo Escobar,41,https://www.cbs.com/shows/survivor/cast/216621/
Swati Goel,41,https://www.cbs.com/shows/survivor/cast/216622/
Tori Meehan,41,https://www.cbs.com/shows/survivor/cast/216623/
Zach Wurtenberger,41,https://www.cbs.com/shows/survivor/cast/216624/
Chanelle Howell,42,https://www.cbs.com/shows/survivor/cast/216607/
Daniel Strunk,42,https://www.cbs.com/shows/survivor/cast/216608/
Drea Wheeler,42,https://www.cbs.com/shows/survivor/cast/216609/
Hai Giang,42,https://www.cbs.com/shows/survivor/cast/216610/
Jackson Fox,42,https://www.cbs.com/shows/survivor/cast/216611/
Jenny Kim,42,https://www.cbs.com/shows/survivor/cast/216612/
Jonathan Young,42,https://www.cbs.com/shows/survivor/cast/216613/
Lindsay Dolashewich,42,https://www.cbs.com/shows/survivor/cast/216614/
Lydia Meredith,42,https://www.cbs.com/shows/survivor/cast/216615/
Marya Sherron,42,https://www.cbs.com/shows/survivor/cast/216616/
Maryanne Oketch,42,https://www.cbs.com/shows/survivor/cast/216617/
Mike Turner,42,https://www.cbs.com/shows/survivor/cast/216618/
Omar Zaheer,42,https://www.cbs.com/shows/survivor/cast/216619/
Rocksroy Bailey,42,https://www.cbs.com/shows/survivor/cast/216620/
Romeo Escobar,42,https://www.cbs.com/shows/survivor/cast/216621/
Swati Goel,42,https://www.cbs.com/shows/survivor/cast/216622/
Tori Meehan,42,https://www.cbs.com/shows/survivor/cast/216623/
Zach Wurtenberger,42,https://www.cbs.com/shows/survivor/cast/216624/
